{"cameraMode":{"drawMode":0,"name":"Shaded","section":"Shading Mode"},"sceneLighting":true,"audioPlay":false,"sceneViewState":{"showFog":true,"showMaterialUpdate":false,"showSkybox":true,"showFlares":true,"showImageEffects":true,"showParticleSystems":true},"in2DMode":false,"pivot":{"x":-6.826599597930908,"y":11.660686492919922,"z":3.6131324768066408},"rotation":{"x":0.09103094041347504,"y":-0.8653017282485962,"z":0.17040903866291047,"w":0.4627721607685089},"size":13.761935234069825,"orthographic":false}