{"cameraMode":{"drawMode":0,"name":"Shaded","section":"Shading Mode"},"sceneLighting":true,"audioPlay":false,"sceneViewState":{"showFog":true,"showMaterialUpdate":false,"showSkybox":true,"showFlares":true,"showImageEffects":true,"showParticleSystems":true},"in2DMode":false,"pivot":{"x":-9.07335090637207,"y":11.796887397766114,"z":16.112550735473634},"rotation":{"x":-0.29685932397842409,"y":0.06439059972763062,"z":0.020090974867343904,"w":0.9525763988494873},"size":16.960941314697267,"orthographic":false}