{"cameraMode":{"drawMode":0,"name":"Shaded","section":"Shading Mode"},"sceneLighting":true,"audioPlay":false,"sceneViewState":{"showFog":true,"showMaterialUpdate":false,"showSkybox":true,"showFlares":true,"showImageEffects":true,"showParticleSystems":true},"in2DMode":false,"pivot":{"x":4.574095726013184,"y":12.303564071655274,"z":-14.572413444519043},"rotation":{"x":0.21921993792057038,"y":-0.2513166666030884,"z":0.05855176970362663,"w":0.9409343004226685},"size":13.065674781799317,"orthographic":false}