{"cameraMode":{"drawMode":0,"name":"Shaded","section":"Shading Mode"},"sceneLighting":true,"audioPlay":false,"sceneViewState":{"showFog":true,"showMaterialUpdate":false,"showSkybox":true,"showFlares":true,"showImageEffects":true,"showParticleSystems":true},"in2DMode":false,"pivot":{"x":-1.2995147705078126,"y":2.05084228515625,"z":17.205373764038087},"rotation":{"x":-0.12169558554887772,"y":0.7071831822395325,"z":-0.12562882900238038,"w":-0.6850699186325073},"size":129.341796875,"orthographic":false}