{"cameraMode":{"drawMode":0,"name":"Shaded","section":"Shading Mode"},"sceneLighting":true,"audioPlay":false,"sceneViewState":{"showFog":true,"showMaterialUpdate":false,"showSkybox":true,"showFlares":true,"showImageEffects":true,"showParticleSystems":true},"in2DMode":false,"pivot":{"x":-13.67582893371582,"y":8.460521697998047,"z":9.734139442443848},"rotation":{"x":0.05300663039088249,"y":-0.9394981861114502,"z":0.17040476202964784,"w":0.292789489030838},"size":2.2069091796875,"orthographic":false}