{"cameraMode":{"drawMode":0,"name":"Shaded","section":"Shading Mode"},"sceneLighting":true,"audioPlay":false,"sceneViewState":{"showFog":true,"showMaterialUpdate":false,"showSkybox":true,"showFlares":true,"showImageEffects":true,"showParticleSystems":true},"in2DMode":false,"pivot":{"x":-0.4795818328857422,"y":0.8504459261894226,"z":1.0887583494186402},"rotation":{"x":-0.03699042648077011,"y":-0.7513128519058228,"z":-0.042148083448410037,"w":0.6577410697937012},"size":2.9697165489196779,"orthographic":false}