{"cameraMode":{"drawMode":0,"name":"Shaded","section":"Shading Mode"},"sceneLighting":false,"audioPlay":false,"sceneViewState":{"showFog":true,"showMaterialUpdate":false,"showSkybox":false,"showFlares":true,"showImageEffects":true,"showParticleSystems":true},"in2DMode":false,"pivot":{"x":4.625238418579102,"y":3.4705870151519777,"z":2.7138724327087404},"rotation":{"x":0.13509298861026765,"y":-0.8379349708557129,"z":0.24032644927501679,"w":0.4710284173488617},"size":-3.9583280086517336,"orthographic":false}