{"cameraMode":{"drawMode":0,"name":"Shaded","section":"Shading Mode"},"sceneLighting":true,"audioPlay":false,"sceneViewState":{"showFog":true,"showMaterialUpdate":false,"showSkybox":true,"showFlares":true,"showImageEffects":true,"showParticleSystems":true},"in2DMode":false,"pivot":{"x":6.315696716308594,"y":-25.96875,"z":-3.9599609375},"rotation":{"x":0.7123389840126038,"y":-0.008421204052865506,"z":0.008548482321202755,"w":0.7017332911491394},"size":105.0585708618164,"orthographic":true}